"","date","n"
"1",2013-01-01,6
"2",2013-01-02,1
"3",2013-01-03,3
"4",2013-01-04,6
"5",2013-01-05,6
"6",2013-01-06,4
"7",2013-01-07,3
"8",2013-01-08,2
"9",2013-01-09,3
"10",2013-01-10,3
"11",2013-01-11,4
"12",2013-01-12,5
"13",2013-01-13,6
"14",2013-01-14,3
"15",2013-01-15,4
"16",2013-01-16,5
"17",2013-01-17,5
"18",2013-01-18,6
"19",2013-01-19,1
"20",2013-01-21,2
"21",2013-01-22,4
"22",2013-01-23,1
"23",2013-01-24,4
"24",2013-01-25,4
"25",2013-01-27,3
"26",2013-01-28,4
"27",2013-01-29,4
"28",2013-01-30,2
"29",2013-01-31,1
"30",2013-02-01,1
"31",2013-02-02,1
"32",2013-02-03,1
"33",2013-02-04,1
"34",2013-02-05,1
"35",2013-02-07,2
"36",2013-02-08,3
"37",2013-02-09,4
"38",2013-02-10,1
"39",2013-02-11,3
"40",2013-02-12,2
"41",2013-02-13,2
"42",2013-02-14,1
"43",2013-02-15,1
"44",2013-02-16,3
"45",2013-02-17,1
"46",2013-02-18,3
"47",2013-02-19,4
"48",2013-02-20,1
"49",2013-02-21,4
"50",2013-02-22,2
"51",2013-02-23,3
"52",2013-02-24,2
"53",2013-02-25,3
"54",2013-02-26,3
"55",2013-02-28,3
"56",2013-03-01,3
"57",2013-03-02,4
"58",2013-03-03,2
"59",2013-03-04,3
"60",2013-03-05,3
"61",2013-03-06,2
"62",2013-03-07,3
"63",2013-03-08,6
"64",2013-03-09,1
"65",2013-03-10,8
"66",2013-03-12,4
"67",2013-03-13,5
"68",2013-03-14,5
"69",2013-03-15,4
"70",2013-03-16,3
"71",2013-03-17,2
"72",2013-03-18,4
"73",2013-03-19,6
"74",2013-03-20,1
"75",2013-03-21,5
"76",2013-03-22,3
"77",2013-03-23,2
"78",2013-03-24,1
"79",2013-03-25,3
"80",2013-03-26,2
"81",2013-03-27,2
"82",2013-03-28,2
"83",2013-03-29,3
"84",2013-03-30,3
"85",2013-03-31,3
"86",2013-04-01,3
"87",2013-04-02,3
"88",2013-04-04,3
"89",2013-04-05,1
"90",2013-04-06,1
"91",2013-04-07,3
"92",2013-04-08,3
"93",2013-04-09,4
"94",2013-04-10,5
"95",2013-04-11,3
"96",2013-04-12,2
"97",2013-04-13,2
"98",2013-04-15,2
"99",2013-04-17,3
"100",2013-04-18,5
"101",2013-04-19,5
"102",2013-04-20,6
"103",2013-04-21,2
"104",2013-04-22,6
"105",2013-04-23,4
"106",2013-04-24,3
"107",2013-04-25,3
"108",2013-04-26,2
"109",2013-04-27,7
"110",2013-04-28,2
"111",2013-04-29,5
"112",2013-04-30,6
"113",2013-05-01,6
"114",2013-05-02,4
"115",2013-05-03,1
"116",2013-05-04,4
"117",2013-05-05,2
"118",2013-05-06,1
"119",2013-05-07,3
"120",2013-05-08,3
"121",2013-05-09,4
"122",2013-05-10,6
"123",2013-05-11,2
"124",2013-05-12,3
"125",2013-05-13,1
"126",2013-05-14,3
"127",2013-05-15,4
"128",2013-05-16,5
"129",2013-05-17,6
"130",2013-05-18,4
"131",2013-05-19,1
"132",2013-05-20,5
"133",2013-05-21,1
"134",2013-05-22,4
"135",2013-05-23,4
"136",2013-05-24,5
"137",2013-05-25,5
"138",2013-05-26,4
"139",2013-05-27,1
"140",2013-05-28,2
"141",2013-05-29,4
"142",2013-05-30,3
"143",2013-05-31,2
"144",2013-06-01,3
"145",2013-06-02,6
"146",2013-06-03,3
"147",2013-06-04,6
"148",2013-06-05,5
"149",2013-06-06,2
"150",2013-06-07,6
"151",2013-06-08,9
"152",2013-06-09,4
"153",2013-06-10,3
"154",2013-06-11,2
"155",2013-06-12,2
"156",2013-06-13,3
"157",2013-06-14,2
"158",2013-06-15,4
"159",2013-06-16,10
"160",2013-06-17,4
"161",2013-06-18,3
"162",2013-06-19,4
"163",2013-06-20,3
"164",2013-06-21,1
"165",2013-06-22,2
"166",2013-06-23,5
"167",2013-06-24,2
"168",2013-06-25,1
"169",2013-06-26,3
"170",2013-06-27,3
"171",2013-06-28,4
"172",2013-06-29,4
"173",2013-06-30,2
"174",2013-07-01,2
"175",2013-07-02,4
"176",2013-07-03,4
"177",2013-07-04,4
"178",2013-07-05,5
"179",2013-07-06,4
"180",2013-07-07,4
"181",2013-07-08,5
"182",2013-07-09,5
"183",2013-07-10,3
"184",2013-07-11,5
"185",2013-07-12,1
"186",2013-07-13,1
"187",2013-07-14,3
"188",2013-07-15,1
"189",2013-07-16,5
"190",2013-07-17,2
"191",2013-07-18,5
"192",2013-07-19,4
"193",2013-07-20,2
"194",2013-07-21,3
"195",2013-07-22,2
"196",2013-07-23,2
"197",2013-07-24,1
"198",2013-07-25,4
"199",2013-07-26,2
"200",2013-07-27,4
"201",2013-07-28,7
"202",2013-07-29,5
"203",2013-07-30,5
"204",2013-07-31,3
"205",2013-08-02,1
"206",2013-08-03,2
"207",2013-08-04,3
"208",2013-08-05,3
"209",2013-08-06,2
"210",2013-08-07,2
"211",2013-08-08,4
"212",2013-08-09,3
"213",2013-08-10,2
"214",2013-08-11,2
"215",2013-08-12,3
"216",2013-08-13,7
"217",2013-08-14,3
"218",2013-08-15,4
"219",2013-08-16,4
"220",2013-08-17,2
"221",2013-08-18,4
"222",2013-08-19,4
"223",2013-08-20,8
"224",2013-08-21,2
"225",2013-08-22,4
"226",2013-08-23,5
"227",2013-08-24,2
"228",2013-08-25,2
"229",2013-08-26,1
"230",2013-08-27,1
"231",2013-08-28,5
"232",2013-08-29,4
"233",2013-08-30,3
"234",2013-08-31,3
"235",2013-09-01,6
"236",2013-09-02,6
"237",2013-09-03,2
"238",2013-09-04,2
"239",2013-09-05,5
"240",2013-09-06,6
"241",2013-09-07,6
"242",2013-09-08,1
"243",2013-09-09,2
"244",2013-09-10,2
"245",2013-09-12,2
"246",2013-09-13,1
"247",2013-09-14,5
"248",2013-09-16,4
"249",2013-09-17,2
"250",2013-09-18,4
"251",2013-09-20,2
"252",2013-09-21,3
"253",2013-09-22,1
"254",2013-09-23,4
"255",2013-09-24,3
"256",2013-09-25,5
"257",2013-09-26,3
"258",2013-09-27,1
"259",2013-09-28,1
"260",2013-09-29,2
"261",2013-10-01,4
"262",2013-10-02,1
"263",2013-10-03,3
"264",2013-10-04,3
"265",2013-10-05,5
"266",2013-10-06,2
"267",2013-10-08,3
"268",2013-10-09,3
"269",2013-10-11,4
"270",2013-10-12,1
"271",2013-10-13,7
"272",2013-10-14,5
"273",2013-10-15,3
"274",2013-10-16,2
"275",2013-10-17,4
"276",2013-10-18,3
"277",2013-10-19,3
"278",2013-10-20,3
"279",2013-10-21,4
"280",2013-10-22,4
"281",2013-10-23,3
"282",2013-10-24,5
"283",2013-10-25,8
"284",2013-10-26,6
"285",2013-10-27,7
"286",2013-10-28,4
"287",2013-10-29,4
"288",2013-10-30,5
"289",2013-10-31,4
"290",2013-11-01,3
"291",2013-11-02,1
"292",2013-11-03,2
"293",2013-11-04,3
"294",2013-11-05,2
"295",2013-11-06,2
"296",2013-11-07,1
"297",2013-11-08,1
"298",2013-11-10,2
"299",2013-11-11,4
"300",2013-11-13,3
"301",2013-11-14,2
"302",2013-11-15,3
"303",2013-11-16,3
"304",2013-11-17,3
"305",2013-11-18,4
"306",2013-11-19,5
"307",2013-11-20,3
"308",2013-11-21,2
"309",2013-11-22,6
"310",2013-11-23,3
"311",2013-11-24,2
"312",2013-11-25,4
"313",2013-11-26,2
"314",2013-11-27,2
"315",2013-11-28,4
"316",2013-11-29,3
"317",2013-12-01,3
"318",2013-12-02,3
"319",2013-12-03,2
"320",2013-12-04,2
"321",2013-12-05,2
"322",2013-12-06,3
"323",2013-12-07,5
"324",2013-12-08,4
"325",2013-12-09,1
"326",2013-12-10,3
"327",2013-12-11,2
"328",2013-12-12,3
"329",2013-12-13,4
"330",2013-12-14,3
"331",2013-12-16,2
"332",2013-12-18,1
"333",2013-12-19,1
"334",2013-12-20,2
"335",2013-12-21,2
"336",2013-12-22,1
"337",2013-12-23,1
"338",2013-12-24,2
"339",2013-12-25,1
"340",2013-12-26,2
"341",2013-12-27,4
"342",2013-12-28,3
"343",2013-12-29,8
"344",2013-12-30,1
"345",2013-12-31,2
"346",2014-01-01,2
"347",2014-01-02,3
"348",2014-01-03,5
"349",2014-01-04,7
"350",2014-01-05,2
"351",2014-01-06,1
"352",2014-01-07,2
"353",2014-01-08,1
"354",2014-01-09,3
"355",2014-01-10,1
"356",2014-01-12,2
"357",2014-01-13,1
"358",2014-01-14,6
"359",2014-01-15,2
"360",2014-01-16,7
"361",2014-01-17,1
"362",2014-01-18,1
"363",2014-01-19,1
"364",2014-01-20,4
"365",2014-01-21,5
"366",2014-01-22,1
"367",2014-01-23,1
"368",2014-01-24,2
"369",2014-01-25,2
"370",2014-01-26,2
"371",2014-01-27,3
"372",2014-01-28,4
"373",2014-01-29,4
"374",2014-01-30,2
"375",2014-01-31,3
"376",2014-02-01,3
"377",2014-02-03,1
"378",2014-02-04,5
"379",2014-02-05,3
"380",2014-02-06,1
"381",2014-02-07,5
"382",2014-02-09,1
"383",2014-02-10,6
"384",2014-02-11,2
"385",2014-02-12,2
"386",2014-02-13,3
"387",2014-02-14,2
"388",2014-02-15,4
"389",2014-02-16,4
"390",2014-02-17,2
"391",2014-02-18,3
"392",2014-02-20,1
"393",2014-02-21,1
"394",2014-02-22,1
"395",2014-02-23,1
"396",2014-02-24,1
"397",2014-02-25,3
"398",2014-02-26,5
"399",2014-02-27,1
"400",2014-02-28,3
"401",2014-03-01,1
"402",2014-03-02,3
"403",2014-03-03,3
"404",2014-03-04,4
"405",2014-03-05,5
"406",2014-03-06,5
"407",2014-03-07,2
"408",2014-03-08,3
"409",2014-03-09,6
"410",2014-03-10,6
"411",2014-03-11,2
"412",2014-03-12,3
"413",2014-03-13,2
"414",2014-03-14,2
"415",2014-03-16,5
"416",2014-03-17,3
"417",2014-03-18,4
"418",2014-03-19,2
"419",2014-03-20,4
"420",2014-03-21,6
"421",2014-03-22,2
"422",2014-03-23,2
"423",2014-03-24,1
"424",2014-03-25,7
"425",2014-03-26,2
"426",2014-03-27,4
"427",2014-03-28,5
"428",2014-03-29,1
"429",2014-03-30,1
"430",2014-03-31,3
"431",2014-04-02,2
"432",2014-04-03,2
"433",2014-04-04,4
"434",2014-04-05,2
"435",2014-04-06,2
"436",2014-04-07,5
"437",2014-04-08,3
"438",2014-04-09,1
"439",2014-04-10,3
"440",2014-04-11,5
"441",2014-04-12,4
"442",2014-04-13,8
"443",2014-04-14,3
"444",2014-04-15,1
"445",2014-04-16,4
"446",2014-04-17,4
"447",2014-04-18,1
"448",2014-04-19,2
"449",2014-04-20,3
"450",2014-04-21,6
"451",2014-04-22,3
"452",2014-04-23,3
"453",2014-04-24,1
"454",2014-04-25,4
"455",2014-04-26,2
"456",2014-04-27,2
"457",2014-04-28,2
"458",2014-04-29,6
"459",2014-04-30,2
"460",2014-05-01,1
"461",2014-05-02,3
"462",2014-05-03,1
"463",2014-05-04,3
"464",2014-05-05,2
"465",2014-05-06,3
"466",2014-05-07,3
"467",2014-05-08,6
"468",2014-05-09,3
"469",2014-05-10,5
"470",2014-05-11,4
"471",2014-05-12,3
"472",2014-05-13,2
"473",2014-05-14,1
"474",2014-05-15,3
"475",2014-05-16,5
"476",2014-05-17,2
"477",2014-05-18,5
"478",2014-05-19,5
"479",2014-05-20,3
"480",2014-05-21,3
"481",2014-05-22,2
"482",2014-05-23,1
"483",2014-05-24,6
"484",2014-05-25,2
"485",2014-05-26,2
"486",2014-05-27,2
"487",2014-05-28,2
"488",2014-05-29,4
"489",2014-05-30,8
"490",2014-05-31,4
"491",2014-06-01,1
"492",2014-06-02,4
"493",2014-06-03,1
"494",2014-06-04,6
"495",2014-06-05,2
"496",2014-06-06,5
"497",2014-06-07,3
"498",2014-06-08,3
"499",2014-06-09,4
"500",2014-06-10,4
"501",2014-06-11,3
"502",2014-06-12,4
"503",2014-06-13,3
"504",2014-06-14,3
"505",2014-06-15,4
"506",2014-06-16,2
"507",2014-06-18,1
"508",2014-06-19,6
"509",2014-06-20,6
"510",2014-06-21,5
"511",2014-06-22,2
"512",2014-06-24,3
"513",2014-06-25,4
"514",2014-06-26,4
"515",2014-06-27,5
"516",2014-06-29,2
"517",2014-06-30,1
"518",2014-07-01,3
"519",2014-07-02,2
"520",2014-07-03,3
"521",2014-07-04,2
"522",2014-07-05,4
"523",2014-07-06,2
"524",2014-07-07,1
"525",2014-07-08,1
"526",2014-07-09,5
"527",2014-07-10,3
"528",2014-07-11,3
"529",2014-07-12,3
"530",2014-07-13,5
"531",2014-07-14,3
"532",2014-07-15,1
"533",2014-07-16,4
"534",2014-07-17,4
"535",2014-07-18,3
"536",2014-07-19,1
"537",2014-07-20,2
"538",2014-07-21,1
"539",2014-07-22,6
"540",2014-07-23,2
"541",2014-07-24,1
"542",2014-07-25,2
"543",2014-07-26,2
"544",2014-07-27,2
"545",2014-07-28,3
"546",2014-07-29,6
"547",2014-07-30,4
"548",2014-07-31,1
"549",2014-08-01,4
"550",2014-08-02,5
"551",2014-08-03,6
"552",2014-08-04,1
"553",2014-08-05,6
"554",2014-08-06,2
"555",2014-08-07,1
"556",2014-08-08,4
"557",2014-08-09,6
"558",2014-08-10,3
"559",2014-08-11,7
"560",2014-08-12,4
"561",2014-08-13,6
"562",2014-08-14,3
"563",2014-08-15,1
"564",2014-08-16,1
"565",2014-08-17,2
"566",2014-08-18,3
"567",2014-08-19,6
"568",2014-08-20,3
"569",2014-08-22,2
"570",2014-08-23,5
"571",2014-08-24,4
"572",2014-08-25,4
"573",2014-08-26,4
"574",2014-08-27,5
"575",2014-08-28,4
"576",2014-08-29,4
"577",2014-08-30,4
"578",2014-08-31,4
"579",2014-09-01,2
"580",2014-09-02,2
"581",2014-09-03,4
"582",2014-09-05,1
"583",2014-09-06,1
"584",2014-09-07,1
"585",2014-09-08,6
"586",2014-09-09,2
"587",2014-09-11,3
"588",2014-09-12,3
"589",2014-09-13,3
"590",2014-09-14,3
"591",2014-09-15,2
"592",2014-09-16,3
"593",2014-09-17,2
"594",2014-09-18,3
"595",2014-09-19,4
"596",2014-09-20,3
"597",2014-09-21,2
"598",2014-09-22,2
"599",2014-09-23,6
"600",2014-09-24,2
"601",2014-09-25,2
"602",2014-09-26,2
"603",2014-09-27,4
"604",2014-09-28,2
"605",2014-09-29,2
"606",2014-09-30,5
"607",2014-10-01,3
"608",2014-10-02,2
"609",2014-10-03,2
"610",2014-10-04,3
"611",2014-10-05,1
"612",2014-10-06,1
"613",2014-10-07,5
"614",2014-10-08,4
"615",2014-10-09,2
"616",2014-10-10,3
"617",2014-10-11,3
"618",2014-10-12,4
"619",2014-10-13,3
"620",2014-10-16,1
"621",2014-10-17,3
"622",2014-10-18,3
"623",2014-10-20,5
"624",2014-10-21,1
"625",2014-10-22,1
"626",2014-10-23,5
"627",2014-10-24,6
"628",2014-10-25,4
"629",2014-10-26,2
"630",2014-10-27,4
"631",2014-10-28,6
"632",2014-10-29,1
"633",2014-10-30,1
"634",2014-10-31,1
"635",2014-11-01,4
"636",2014-11-02,3
"637",2014-11-03,4
"638",2014-11-04,1
"639",2014-11-05,2
"640",2014-11-06,3
"641",2014-11-07,1
"642",2014-11-08,5
"643",2014-11-09,6
"644",2014-11-11,4
"645",2014-11-12,1
"646",2014-11-13,6
"647",2014-11-14,4
"648",2014-11-15,1
"649",2014-11-16,7
"650",2014-11-17,1
"651",2014-11-18,3
"652",2014-11-19,2
"653",2014-11-20,4
"654",2014-11-21,1
"655",2014-11-22,6
"656",2014-11-23,3
"657",2014-11-24,2
"658",2014-11-25,4
"659",2014-11-26,3
"660",2014-11-27,1
"661",2014-11-28,4
"662",2014-11-30,2
"663",2014-12-01,4
"664",2014-12-02,3
"665",2014-12-03,2
"666",2014-12-04,4
"667",2014-12-05,2
"668",2014-12-07,6
"669",2014-12-08,2
"670",2014-12-09,3
"671",2014-12-10,3
"672",2014-12-11,2
"673",2014-12-12,1
"674",2014-12-13,3
"675",2014-12-14,3
"676",2014-12-15,4
"677",2014-12-17,8
"678",2014-12-18,2
"679",2014-12-19,3
"680",2014-12-20,1
"681",2014-12-21,3
"682",2014-12-22,4
"683",2014-12-23,2
"684",2014-12-24,4
"685",2014-12-25,3
"686",2014-12-26,3
"687",2014-12-27,1
"688",2014-12-28,3
"689",2014-12-29,2
"690",2014-12-30,4
"691",2014-12-31,6
"692",2015-01-01,1
"693",2015-01-02,2
"694",2015-01-03,1
"695",2015-01-04,3
"696",2015-01-05,1
"697",2015-01-06,5
"698",2015-01-07,6
"699",2015-01-08,4
"700",2015-01-09,1
"701",2015-01-11,3
"702",2015-01-13,2
"703",2015-01-14,5
"704",2015-01-15,6
"705",2015-01-16,5
"706",2015-01-17,3
"707",2015-01-18,2
"708",2015-01-19,1
"709",2015-01-20,1
"710",2015-01-21,5
"711",2015-01-22,2
"712",2015-01-23,3
"713",2015-01-24,3
"714",2015-01-25,2
"715",2015-01-26,4
"716",2015-01-27,4
"717",2015-01-28,3
"718",2015-01-29,2
"719",2015-01-30,1
"720",2015-01-31,2
"721",2015-02-02,3
"722",2015-02-03,5
"723",2015-02-04,7
"724",2015-02-06,1
"725",2015-02-07,2
"726",2015-02-08,6
"727",2015-02-09,2
"728",2015-02-10,3
"729",2015-02-11,3
"730",2015-02-13,5
"731",2015-02-14,2
"732",2015-02-15,3
"733",2015-02-16,3
"734",2015-02-17,5
"735",2015-02-18,1
"736",2015-02-20,5
"737",2015-02-21,2
"738",2015-02-22,2
"739",2015-02-23,6
"740",2015-02-24,1
"741",2015-02-25,2
"742",2015-02-26,5
"743",2015-02-27,1
"744",2015-02-28,7
"745",2015-03-01,5
"746",2015-03-02,1
"747",2015-03-03,2
"748",2015-03-04,2
"749",2015-03-05,3
"750",2015-03-06,5
"751",2015-03-07,1
"752",2015-03-08,3
"753",2015-03-09,4
"754",2015-03-10,5
"755",2015-03-11,7
"756",2015-03-12,1
"757",2015-03-13,5
"758",2015-03-14,3
"759",2015-03-15,2
"760",2015-03-16,2
"761",2015-03-17,6
"762",2015-03-18,3
"763",2015-03-19,7
"764",2015-03-20,3
"765",2015-03-21,4
"766",2015-03-22,3
"767",2015-03-23,1
"768",2015-03-24,4
"769",2015-03-25,3
"770",2015-03-26,2
"771",2015-03-27,8
"772",2015-03-29,3
"773",2015-03-30,3
"774",2015-03-31,5
"775",2015-04-01,2
"776",2015-04-02,5
"777",2015-04-03,1
"778",2015-04-04,5
"779",2015-04-05,2
"780",2015-04-06,5
"781",2015-04-07,1
"782",2015-04-08,5
"783",2015-04-09,5
"784",2015-04-10,2
"785",2015-04-11,1
"786",2015-04-12,3
"787",2015-04-13,2
"788",2015-04-14,2
"789",2015-04-15,6
"790",2015-04-16,2
"791",2015-04-17,4
"792",2015-04-18,2
"793",2015-04-19,4
"794",2015-04-20,1
"795",2015-04-21,5
"796",2015-04-22,5
"797",2015-04-23,3
"798",2015-04-24,4
"799",2015-04-25,3
"800",2015-04-26,3
"801",2015-04-27,1
"802",2015-04-28,3
"803",2015-04-29,6
"804",2015-04-30,2
"805",2015-05-02,1
"806",2015-05-03,6
"807",2015-05-04,1
"808",2015-05-05,3
"809",2015-05-06,1
"810",2015-05-07,3
"811",2015-05-08,4
"812",2015-05-10,2
"813",2015-05-11,3
"814",2015-05-12,4
"815",2015-05-14,2
"816",2015-05-15,2
"817",2015-05-16,1
"818",2015-05-17,3
"819",2015-05-19,3
"820",2015-05-20,5
"821",2015-05-21,5
"822",2015-05-22,1
"823",2015-05-23,3
"824",2015-05-25,2
"825",2015-05-26,3
"826",2015-05-27,6
"827",2015-05-28,4
"828",2015-05-29,4
"829",2015-05-30,2
"830",2015-05-31,3
"831",2015-06-01,1
"832",2015-06-02,2
"833",2015-06-03,5
"834",2015-06-05,3
"835",2015-06-06,5
"836",2015-06-07,2
"837",2015-06-08,4
"838",2015-06-09,5
"839",2015-06-10,1
"840",2015-06-11,5
"841",2015-06-12,1
"842",2015-06-13,4
"843",2015-06-14,2
"844",2015-06-15,2
"845",2015-06-16,3
"846",2015-06-17,2
"847",2015-06-18,1
"848",2015-06-19,3
"849",2015-06-20,3
"850",2015-06-21,2
"851",2015-06-22,4
"852",2015-06-23,4
"853",2015-06-24,1
"854",2015-06-25,2
"855",2015-06-26,2
"856",2015-06-27,1
"857",2015-06-28,1
"858",2015-06-29,1
"859",2015-06-30,1
"860",2015-07-01,3
"861",2015-07-02,4
"862",2015-07-03,4
"863",2015-07-04,5
"864",2015-07-05,4
"865",2015-07-06,6
"866",2015-07-07,8
"867",2015-07-08,3
"868",2015-07-09,6
"869",2015-07-10,3
"870",2015-07-11,2
"871",2015-07-12,5
"872",2015-07-13,4
"873",2015-07-14,2
"874",2015-07-15,1
"875",2015-07-16,7
"876",2015-07-17,5
"877",2015-07-18,5
"878",2015-07-19,1
"879",2015-07-20,5
"880",2015-07-21,3
"881",2015-07-22,3
"882",2015-07-23,5
"883",2015-07-24,2
"884",2015-07-25,4
"885",2015-07-26,2
"886",2015-07-27,3
"887",2015-07-28,2
"888",2015-07-29,3
"889",2015-07-30,5
"890",2015-07-31,2
"891",2015-08-01,3
"892",2015-08-02,1
"893",2015-08-03,4
"894",2015-08-04,2
"895",2015-08-05,6
"896",2015-08-06,4
"897",2015-08-07,7
"898",2015-08-08,4
"899",2015-08-09,4
"900",2015-08-10,1
"901",2015-08-11,2
"902",2015-08-12,6
"903",2015-08-14,4
"904",2015-08-15,5
"905",2015-08-16,2
"906",2015-08-17,2
"907",2015-08-19,4
"908",2015-08-20,3
"909",2015-08-21,4
"910",2015-08-22,6
"911",2015-08-23,5
"912",2015-08-25,5
"913",2015-08-26,3
"914",2015-08-27,4
"915",2015-08-28,4
"916",2015-08-29,3
"917",2015-08-30,2
"918",2015-08-31,3
"919",2015-09-01,3
"920",2015-09-02,1
"921",2015-09-04,6
"922",2015-09-05,5
"923",2015-09-06,3
"924",2015-09-07,3
"925",2015-09-08,2
"926",2015-09-09,4
"927",2015-09-10,5
"928",2015-09-11,2
"929",2015-09-12,2
"930",2015-09-13,3
"931",2015-09-14,2
"932",2015-09-15,5
"933",2015-09-16,1
"934",2015-09-17,2
"935",2015-09-18,2
"936",2015-09-19,3
"937",2015-09-20,2
"938",2015-09-21,6
"939",2015-09-22,4
"940",2015-09-23,5
"941",2015-09-24,3
"942",2015-09-25,4
"943",2015-09-26,2
"944",2015-09-27,3
"945",2015-09-28,2
"946",2015-09-29,2
"947",2015-09-30,2
"948",2015-10-02,4
"949",2015-10-04,3
"950",2015-10-05,3
"951",2015-10-06,1
"952",2015-10-07,1
"953",2015-10-09,2
"954",2015-10-10,5
"955",2015-10-11,4
"956",2015-10-12,2
"957",2015-10-14,5
"958",2015-10-15,7
"959",2015-10-16,5
"960",2015-10-17,4
"961",2015-10-18,4
"962",2015-10-19,1
"963",2015-10-20,6
"964",2015-10-21,4
"965",2015-10-22,3
"966",2015-10-23,1
"967",2015-10-24,7
"968",2015-10-25,1
"969",2015-10-26,4
"970",2015-10-27,1
"971",2015-10-28,4
"972",2015-10-29,4
"973",2015-10-30,5
"974",2015-10-31,2
"975",2015-11-01,4
"976",2015-11-02,1
"977",2015-11-03,1
"978",2015-11-04,4
"979",2015-11-05,4
"980",2015-11-06,4
"981",2015-11-09,7
"982",2015-11-10,4
"983",2015-11-11,4
"984",2015-11-12,1
"985",2015-11-13,3
"986",2015-11-14,2
"987",2015-11-15,4
"988",2015-11-16,2
"989",2015-11-17,6
"990",2015-11-18,3
"991",2015-11-19,3
"992",2015-11-20,4
"993",2015-11-21,1
"994",2015-11-22,3
"995",2015-11-23,2
"996",2015-11-24,3
"997",2015-11-25,4
"998",2015-11-26,1
"999",2015-11-27,1
"1000",2015-11-28,1
"1001",2015-11-29,5
"1002",2015-11-30,3
"1003",2015-12-01,2
"1004",2015-12-02,7
"1005",2015-12-03,1
"1006",2015-12-04,3
"1007",2015-12-05,5
"1008",2015-12-06,3
"1009",2015-12-07,1
"1010",2015-12-08,3
"1011",2015-12-09,3
"1012",2015-12-10,4
"1013",2015-12-11,1
"1014",2015-12-12,7
"1015",2015-12-13,4
"1016",2015-12-14,8
"1017",2015-12-15,2
"1018",2015-12-16,1
"1019",2015-12-17,2
"1020",2015-12-18,4
"1021",2015-12-19,2
"1022",2015-12-20,4
"1023",2015-12-21,8
"1024",2015-12-22,4
"1025",2015-12-23,1
"1026",2015-12-24,5
"1027",2015-12-25,1
"1028",2015-12-26,4
"1029",2015-12-27,3
"1030",2015-12-28,1
"1031",2015-12-29,3
"1032",2015-12-30,2
"1033",2015-12-31,1
"1034",2016-01-01,1
"1035",2016-01-02,3
"1036",2016-01-03,1
"1037",2016-01-04,2
"1038",2016-01-05,6
"1039",2016-01-06,3
"1040",2016-01-08,2
"1041",2016-01-10,2
"1042",2016-01-11,4
"1043",2016-01-12,2
"1044",2016-01-13,2
"1045",2016-01-14,2
"1046",2016-01-15,2
"1047",2016-01-16,6
"1048",2016-01-17,6
"1049",2016-01-18,5
"1050",2016-01-19,4
"1051",2016-01-20,3
"1052",2016-01-21,1
"1053",2016-01-22,1
"1054",2016-01-23,1
"1055",2016-01-25,2
"1056",2016-01-26,2
"1057",2016-01-27,8
"1058",2016-01-28,3
"1059",2016-01-29,3
"1060",2016-01-30,4
"1061",2016-01-31,5
"1062",2016-02-01,2
"1063",2016-02-02,2
"1064",2016-02-03,3
"1065",2016-02-04,5
"1066",2016-02-05,6
"1067",2016-02-06,2
"1068",2016-02-07,3
"1069",2016-02-08,3
"1070",2016-02-09,4
"1071",2016-02-10,5
"1072",2016-02-11,3
"1073",2016-02-12,5
"1074",2016-02-13,4
"1075",2016-02-14,3
"1076",2016-02-15,3
"1077",2016-02-16,3
"1078",2016-02-17,1
"1079",2016-02-18,4
"1080",2016-02-19,2
"1081",2016-02-20,4
"1082",2016-02-21,5
"1083",2016-02-22,5
"1084",2016-02-23,4
"1085",2016-02-24,5
"1086",2016-02-25,5
"1087",2016-02-26,2
"1088",2016-02-27,1
"1089",2016-02-28,2
"1090",2016-02-29,1
"1091",2016-03-01,3
"1092",2016-03-02,2
"1093",2016-03-03,2
"1094",2016-03-04,2
"1095",2016-03-05,2
"1096",2016-03-06,3
"1097",2016-03-07,7
"1098",2016-03-08,1
"1099",2016-03-10,5
"1100",2016-03-11,4
"1101",2016-03-12,4
"1102",2016-03-13,8
"1103",2016-03-14,1
"1104",2016-03-15,3
"1105",2016-03-16,4
"1106",2016-03-17,5
"1107",2016-03-18,2
"1108",2016-03-19,5
"1109",2016-03-20,4
"1110",2016-03-21,3
"1111",2016-03-22,2
"1112",2016-03-23,3
"1113",2016-03-24,7
"1114",2016-03-26,4
"1115",2016-03-27,5
"1116",2016-03-29,3
"1117",2016-03-30,3
"1118",2016-03-31,4
"1119",2016-04-01,2
"1120",2016-04-02,1
"1121",2016-04-03,4
"1122",2016-04-04,1
"1123",2016-04-05,2
"1124",2016-04-06,4
"1125",2016-04-07,2
"1126",2016-04-08,3
"1127",2016-04-09,2
"1128",2016-04-10,4
"1129",2016-04-11,2
"1130",2016-04-12,3
"1131",2016-04-13,3
"1132",2016-04-14,1
"1133",2016-04-15,4
"1134",2016-04-16,1
"1135",2016-04-17,5
"1136",2016-04-18,2
"1137",2016-04-19,3
"1138",2016-04-20,2
"1139",2016-04-21,2
"1140",2016-04-22,2
"1141",2016-04-23,6
"1142",2016-04-24,1
"1143",2016-04-25,1
"1144",2016-04-26,4
"1145",2016-04-27,3
"1146",2016-04-28,4
"1147",2016-04-29,1
"1148",2016-04-30,4
"1149",2016-05-01,3
"1150",2016-05-02,1
"1151",2016-05-03,1
"1152",2016-05-04,4
"1153",2016-05-05,3
"1154",2016-05-06,1
"1155",2016-05-07,3
"1156",2016-05-08,2
"1157",2016-05-09,6
"1158",2016-05-10,2
"1159",2016-05-11,4
"1160",2016-05-13,3
"1161",2016-05-14,4
"1162",2016-05-15,1
"1163",2016-05-16,2
"1164",2016-05-17,1
"1165",2016-05-18,3
"1166",2016-05-19,5
"1167",2016-05-20,1
"1168",2016-05-21,3
"1169",2016-05-22,4
"1170",2016-05-23,1
"1171",2016-05-24,3
"1172",2016-05-25,2
"1173",2016-05-26,7
"1174",2016-05-27,1
"1175",2016-05-28,4
"1176",2016-05-29,5
"1177",2016-05-30,2
"1178",2016-05-31,1
"1179",2016-06-01,3
"1180",2016-06-02,2
"1181",2016-06-03,3
"1182",2016-06-04,3
"1183",2016-06-05,2
"1184",2016-06-06,2
"1185",2016-06-07,4
"1186",2016-06-08,1
"1187",2016-06-09,6
"1188",2016-06-10,4
"1189",2016-06-11,2
"1190",2016-06-12,3
"1191",2016-06-13,5
"1192",2016-06-14,4
"1193",2016-06-15,2
"1194",2016-06-16,4
"1195",2016-06-18,3
"1196",2016-06-19,4
"1197",2016-06-20,2
"1198",2016-06-21,3
"1199",2016-06-22,7
"1200",2016-06-23,3
"1201",2016-06-24,5
"1202",2016-06-25,4
"1203",2016-06-26,4
"1204",2016-06-27,5
"1205",2016-06-28,2
"1206",2016-06-29,4
"1207",2016-06-30,3
"1208",2016-07-01,5
"1209",2016-07-02,3
"1210",2016-07-03,3
"1211",2016-07-04,5
"1212",2016-07-05,4
"1213",2016-07-06,4
"1214",2016-07-07,4
"1215",2016-07-08,1
"1216",2016-07-09,2
"1217",2016-07-10,1
"1218",2016-07-11,5
"1219",2016-07-12,2
"1220",2016-07-13,3
"1221",2016-07-14,2
"1222",2016-07-15,1
"1223",2016-07-16,3
"1224",2016-07-17,5
"1225",2016-07-18,1
"1226",2016-07-20,2
"1227",2016-07-21,2
"1228",2016-07-22,1
"1229",2016-07-23,3
"1230",2016-07-24,2
"1231",2016-07-25,3
"1232",2016-07-26,4
"1233",2016-07-27,6
"1234",2016-07-28,6
"1235",2016-07-29,2
"1236",2016-07-31,3
"1237",2016-08-01,5
"1238",2016-08-02,5
"1239",2016-08-03,3
"1240",2016-08-04,1
"1241",2016-08-05,5
"1242",2016-08-07,2
"1243",2016-08-08,5
"1244",2016-08-09,4
"1245",2016-08-10,1
"1246",2016-08-11,4
"1247",2016-08-12,3
"1248",2016-08-13,5
"1249",2016-08-15,2
"1250",2016-08-16,7
"1251",2016-08-17,1
"1252",2016-08-18,8
"1253",2016-08-19,5
"1254",2016-08-20,1
"1255",2016-08-21,3
"1256",2016-08-22,1
"1257",2016-08-23,1
"1258",2016-08-24,3
"1259",2016-08-25,4
"1260",2016-08-26,1
"1261",2016-08-27,4
"1262",2016-08-28,1
"1263",2016-08-29,4
"1264",2016-08-30,4
"1265",2016-08-31,2
"1266",2016-09-01,4
"1267",2016-09-02,4
"1268",2016-09-03,4
"1269",2016-09-04,2
"1270",2016-09-05,2
"1271",2016-09-06,5
"1272",2016-09-07,4
"1273",2016-09-08,2
"1274",2016-09-09,3
"1275",2016-09-10,2
"1276",2016-09-11,1
"1277",2016-09-12,3
"1278",2016-09-14,1
"1279",2016-09-15,3
"1280",2016-09-16,4
"1281",2016-09-17,6
"1282",2016-09-18,1
"1283",2016-09-19,3
"1284",2016-09-20,6
"1285",2016-09-21,1
"1286",2016-09-23,3
"1287",2016-09-25,1
"1288",2016-09-26,4
"1289",2016-09-27,2
"1290",2016-09-28,2
"1291",2016-09-29,1
"1292",2016-09-30,7
"1293",2016-10-01,2
"1294",2016-10-02,3
"1295",2016-10-03,2
"1296",2016-10-04,4
"1297",2016-10-05,3
"1298",2016-10-06,1
"1299",2016-10-07,5
"1300",2016-10-08,4
"1301",2016-10-09,2
"1302",2016-10-10,4
"1303",2016-10-11,2
"1304",2016-10-12,3
"1305",2016-10-13,3
"1306",2016-10-14,3
"1307",2016-10-15,1
"1308",2016-10-16,2
"1309",2016-10-17,3
"1310",2016-10-18,4
"1311",2016-10-19,3
"1312",2016-10-20,1
"1313",2016-10-21,2
"1314",2016-10-22,2
"1315",2016-10-23,2
"1316",2016-10-24,2
"1317",2016-10-25,4
"1318",2016-10-26,2
"1319",2016-10-27,4
"1320",2016-10-28,3
"1321",2016-10-29,1
"1322",2016-10-30,4
"1323",2016-10-31,4
"1324",2016-11-01,3
"1325",2016-11-02,3
"1326",2016-11-03,3
"1327",2016-11-04,2
"1328",2016-11-05,6
"1329",2016-11-06,6
"1330",2016-11-07,1
"1331",2016-11-08,5
"1332",2016-11-09,1
"1333",2016-11-10,2
"1334",2016-11-11,5
"1335",2016-11-12,2
"1336",2016-11-13,3
"1337",2016-11-15,3
"1338",2016-11-16,3
"1339",2016-11-18,5
"1340",2016-11-19,4
"1341",2016-11-20,2
"1342",2016-11-21,3
"1343",2016-11-22,6
"1344",2016-11-23,3
"1345",2016-11-24,2
"1346",2016-11-25,3
"1347",2016-11-26,1
"1348",2016-11-27,4
"1349",2016-11-28,4
"1350",2016-11-29,4
"1351",2016-11-30,2
"1352",2016-12-01,3
"1353",2016-12-02,5
"1354",2016-12-03,1
"1355",2016-12-04,3
"1356",2016-12-06,4
"1357",2016-12-07,5
"1358",2016-12-08,1
"1359",2016-12-09,4
"1360",2016-12-10,2
"1361",2016-12-11,5
"1362",2016-12-12,3
"1363",2016-12-13,2
"1364",2016-12-15,2
"1365",2016-12-16,1
"1366",2016-12-17,3
"1367",2016-12-18,3
"1368",2016-12-19,1
"1369",2016-12-20,3
"1370",2016-12-21,8
"1371",2016-12-22,1
"1372",2016-12-23,4
"1373",2016-12-24,3
"1374",2016-12-25,4
"1375",2016-12-27,6
"1376",2016-12-28,1
"1377",2016-12-29,2
"1378",2016-12-30,3
"1379",2016-12-31,3
"1380",2017-01-01,6
"1381",2017-01-02,1
"1382",2017-01-03,2
"1383",2017-01-04,6
"1384",2017-01-05,2
"1385",2017-01-06,2
"1386",2017-01-07,6
"1387",2017-01-08,1
"1388",2017-01-09,2
"1389",2017-01-10,3
"1390",2017-01-11,3
"1391",2017-01-12,3
"1392",2017-01-13,1
"1393",2017-01-14,2
"1394",2017-01-15,4
"1395",2017-01-16,3
"1396",2017-01-17,3
"1397",2017-01-18,6
"1398",2017-01-19,4
"1399",2017-01-20,2
"1400",2017-01-21,2
"1401",2017-01-22,3
"1402",2017-01-23,6
"1403",2017-01-24,9
"1404",2017-01-25,3
"1405",2017-01-26,4
"1406",2017-01-27,1
"1407",2017-01-28,4
"1408",2017-01-29,2
"1409",2017-01-30,4
"1410",2017-01-31,2
"1411",2017-02-01,4
"1412",2017-02-02,2
"1413",2017-02-03,7
"1414",2017-02-04,3
"1415",2017-02-05,3
"1416",2017-02-06,3
"1417",2017-02-07,5
"1418",2017-02-08,4
"1419",2017-02-09,4
"1420",2017-02-10,8
"1421",2017-02-11,4
"1422",2017-02-12,3
"1423",2017-02-13,3
"1424",2017-02-14,3
"1425",2017-02-15,3
"1426",2017-02-16,4
"1427",2017-02-17,5
"1428",2017-02-18,3
"1429",2017-02-19,4
"1430",2017-02-20,2
"1431",2017-02-21,5
"1432",2017-02-22,4
"1433",2017-02-23,5
"1434",2017-02-24,5
"1435",2017-02-25,2
"1436",2017-02-26,4
"1437",2017-02-27,2
"1438",2017-02-28,3
"1439",2017-03-01,1
"1440",2017-03-02,5
"1441",2017-03-03,2
"1442",2017-03-04,3
"1443",2017-03-06,1
"1444",2017-03-07,2
"1445",2017-03-08,3
"1446",2017-03-09,3
"1447",2017-03-10,1
"1448",2017-03-11,3
"1449",2017-03-12,2
"1450",2017-03-13,3
"1451",2017-03-14,5
"1452",2017-03-15,2
"1453",2017-03-16,5
"1454",2017-03-17,4
"1455",2017-03-18,5
"1456",2017-03-19,6
"1457",2017-03-20,2
"1458",2017-03-21,2
"1459",2017-03-22,3
"1460",2017-03-23,3
"1461",2017-03-24,3
"1462",2017-03-25,1
"1463",2017-03-26,5
"1464",2017-03-27,3
"1465",2017-03-28,2
"1466",2017-03-29,6
"1467",2017-03-30,1
"1468",2017-04-01,2
"1469",2017-04-03,1
"1470",2017-04-04,3
"1471",2017-04-05,2
"1472",2017-04-06,5
"1473",2017-04-07,1
"1474",2017-04-08,1
"1475",2017-04-09,2
"1476",2017-04-10,2
"1477",2017-04-12,4
"1478",2017-04-13,2
"1479",2017-04-14,3
"1480",2017-04-15,5
"1481",2017-04-16,1
"1482",2017-04-18,1
"1483",2017-04-19,1
"1484",2017-04-20,7
"1485",2017-04-21,1
"1486",2017-04-22,3
"1487",2017-04-23,1
"1488",2017-04-24,4
"1489",2017-04-25,6
"1490",2017-04-26,3
"1491",2017-04-27,2
"1492",2017-04-28,2
"1493",2017-04-29,5
"1494",2017-04-30,3
"1495",2017-05-01,2
"1496",2017-05-02,1
"1497",2017-05-03,5
"1498",2017-05-04,2
"1499",2017-05-05,1
"1500",2017-05-06,3
"1501",2017-05-07,3
"1502",2017-05-08,2
"1503",2017-05-09,6
"1504",2017-05-10,3
"1505",2017-05-11,1
"1506",2017-05-12,6
"1507",2017-05-13,4
"1508",2017-05-14,3
"1509",2017-05-15,6
"1510",2017-05-16,4
"1511",2017-05-17,1
"1512",2017-05-18,2
"1513",2017-05-19,2
"1514",2017-05-20,3
"1515",2017-05-21,4
"1516",2017-05-22,2
"1517",2017-05-23,4
"1518",2017-05-24,3
"1519",2017-05-25,2
"1520",2017-05-26,4
"1521",2017-05-27,3
"1522",2017-05-28,4
"1523",2017-05-29,3
"1524",2017-05-30,1
"1525",2017-05-31,2
"1526",2017-06-01,1
"1527",2017-06-02,7
"1528",2017-06-03,1
"1529",2017-06-04,3
"1530",2017-06-05,5
"1531",2017-06-06,2
"1532",2017-06-07,5
"1533",2017-06-08,6
"1534",2017-06-09,2
"1535",2017-06-10,3
"1536",2017-06-11,1
"1537",2017-06-12,4
"1538",2017-06-13,5
"1539",2017-06-14,3
"1540",2017-06-15,1
"1541",2017-06-16,6
"1542",2017-06-17,2
"1543",2017-06-18,3
"1544",2017-06-19,2
"1545",2017-06-20,5
"1546",2017-06-21,2
"1547",2017-06-22,2
"1548",2017-06-23,1
"1549",2017-06-24,4
"1550",2017-06-25,5
"1551",2017-06-27,1
"1552",2017-06-28,2
"1553",2017-06-29,4
"1554",2017-06-30,3
"1555",2017-07-01,4
"1556",2017-07-02,1
"1557",2017-07-03,6
"1558",2017-07-04,7
"1559",2017-07-05,6
"1560",2017-07-06,2
"1561",2017-07-07,4
"1562",2017-07-08,3
"1563",2017-07-09,5
"1564",2017-07-10,2
"1565",2017-07-11,6
"1566",2017-07-12,3
"1567",2017-07-13,3
"1568",2017-07-15,5
"1569",2017-07-16,1
"1570",2017-07-17,4
"1571",2017-07-18,3
"1572",2017-07-19,3
"1573",2017-07-20,3
"1574",2017-07-21,3
"1575",2017-07-22,1
"1576",2017-07-23,4
"1577",2017-07-24,1
"1578",2017-07-25,4
"1579",2017-07-26,4
"1580",2017-07-27,6
"1581",2017-07-28,3
"1582",2017-07-29,2
"1583",2017-07-31,4
"1584",2017-08-01,6
"1585",2017-08-02,5
"1586",2017-08-03,1
"1587",2017-08-04,8
"1588",2017-08-05,3
"1589",2017-08-06,2
"1590",2017-08-07,3
"1591",2017-08-08,2
"1592",2017-08-09,1
"1593",2017-08-10,2
"1594",2017-08-11,2
"1595",2017-08-12,1
"1596",2017-08-13,6
"1597",2017-08-14,2
"1598",2017-08-15,1
"1599",2017-08-16,2
"1600",2017-08-17,2
"1601",2017-08-18,4
"1602",2017-08-19,1
"1603",2017-08-20,4
"1604",2017-08-21,5
"1605",2017-08-22,5
"1606",2017-08-23,2
"1607",2017-08-24,3
"1608",2017-08-25,4
"1609",2017-08-26,3
"1610",2017-08-27,3
"1611",2017-08-28,3
"1612",2017-08-29,5
"1613",2017-08-30,2
"1614",2017-08-31,1
"1615",2017-09-01,3
"1616",2017-09-02,1
"1617",2017-09-03,4
"1618",2017-09-04,4
"1619",2017-09-05,2
"1620",2017-09-06,3
"1621",2017-09-07,1
"1622",2017-09-08,2
"1623",2017-09-09,1
"1624",2017-09-10,5
"1625",2017-09-11,3
"1626",2017-09-13,1
"1627",2017-09-14,1
"1628",2017-09-15,3
"1629",2017-09-16,1
"1630",2017-09-17,3
"1631",2017-09-18,1
"1632",2017-09-19,6
"1633",2017-09-20,2
"1634",2017-09-21,4
"1635",2017-09-22,5
"1636",2017-09-23,2
"1637",2017-09-24,2
"1638",2017-09-25,2
"1639",2017-09-26,3
"1640",2017-09-27,3
"1641",2017-09-28,4
"1642",2017-09-30,2
"1643",2017-10-01,7
"1644",2017-10-02,1
"1645",2017-10-03,1
"1646",2017-10-04,4
"1647",2017-10-05,5
"1648",2017-10-06,6
"1649",2017-10-07,4
"1650",2017-10-08,6
"1651",2017-10-10,1
"1652",2017-10-11,3
"1653",2017-10-12,2
"1654",2017-10-13,2
"1655",2017-10-14,3
"1656",2017-10-16,4
"1657",2017-10-17,2
"1658",2017-10-18,1
"1659",2017-10-19,3
"1660",2017-10-20,6
"1661",2017-10-21,2
"1662",2017-10-22,4
"1663",2017-10-23,4
"1664",2017-10-24,3
"1665",2017-10-25,2
"1666",2017-10-26,2
"1667",2017-10-27,2
"1668",2017-10-28,3
"1669",2017-10-29,4
"1670",2017-10-30,3
"1671",2017-10-31,5
"1672",2017-11-01,2
"1673",2017-11-02,4
"1674",2017-11-03,4
"1675",2017-11-04,6
"1676",2017-11-05,3
"1677",2017-11-06,3
"1678",2017-11-07,2
"1679",2017-11-08,4
"1680",2017-11-09,5
"1681",2017-11-10,7
"1682",2017-11-11,3
"1683",2017-11-12,1
"1684",2017-11-13,2
"1685",2017-11-14,3
"1686",2017-11-15,5
"1687",2017-11-16,4
"1688",2017-11-17,4
"1689",2017-11-18,3
"1690",2017-11-19,3
"1691",2017-11-20,1
"1692",2017-11-23,3
"1693",2017-11-24,3
"1694",2017-11-25,2
"1695",2017-11-26,4
"1696",2017-11-27,2
"1697",2017-11-28,4
"1698",2017-11-29,1
"1699",2017-11-30,4
"1700",2017-12-01,3
"1701",2017-12-02,3
"1702",2017-12-03,1
"1703",2017-12-04,1
"1704",2017-12-05,2
"1705",2017-12-06,4
"1706",2017-12-07,4
"1707",2017-12-08,1
"1708",2017-12-09,2
"1709",2017-12-10,5
"1710",2017-12-11,2
"1711",2017-12-12,1
"1712",2017-12-13,3
"1713",2017-12-14,1
"1714",2017-12-15,4
"1715",2017-12-17,3
"1716",2017-12-18,1
"1717",2017-12-19,3
"1718",2017-12-20,2
"1719",2017-12-21,6
"1720",2017-12-22,3
"1721",2017-12-23,2
"1722",2017-12-24,4
"1723",2017-12-25,2
"1724",2017-12-26,9
"1725",2017-12-27,2
"1726",2017-12-28,5
"1727",2017-12-29,1
"1728",2017-12-30,3
"1729",2017-12-31,2
"1730",2018-01-01,3
"1731",2018-01-02,4
"1732",2018-01-03,1
"1733",2018-01-04,2
"1734",2018-01-05,3
"1735",2018-01-06,7
"1736",2018-01-07,8
"1737",2018-01-08,4
"1738",2018-01-09,1
"1739",2018-01-10,1
"1740",2018-01-11,4
"1741",2018-01-12,7
"1742",2018-01-13,1
"1743",2018-01-14,1
"1744",2018-01-15,2
"1745",2018-01-16,5
"1746",2018-01-17,6
"1747",2018-01-18,2
"1748",2018-01-20,5
"1749",2018-01-21,2
"1750",2018-01-22,8
"1751",2018-01-23,4
"1752",2018-01-24,3
"1753",2018-01-25,3
"1754",2018-01-26,5
"1755",2018-01-27,3
"1756",2018-01-28,4
"1757",2018-01-29,3
"1758",2018-01-30,1
"1759",2018-01-31,2
"1760",2018-02-01,9
"1761",2018-02-02,3
"1762",2018-02-03,2
"1763",2018-02-04,1
"1764",2018-02-05,3
"1765",2018-02-06,3
"1766",2018-02-07,2
"1767",2018-02-08,1
"1768",2018-02-09,4
"1769",2018-02-10,5
"1770",2018-02-11,2
"1771",2018-02-12,2
"1772",2018-02-13,4
"1773",2018-02-14,4
"1774",2018-02-15,4
"1775",2018-02-16,2
"1776",2018-02-17,5
"1777",2018-02-18,2
"1778",2018-02-19,4
"1779",2018-02-21,6
"1780",2018-02-22,3
"1781",2018-02-23,2
"1782",2018-02-24,1
"1783",2018-02-25,4
"1784",2018-02-26,6
"1785",2018-02-27,3
"1786",2018-02-28,2
"1787",2018-03-01,2
"1788",2018-03-02,7
"1789",2018-03-03,3
"1790",2018-03-04,1
"1791",2018-03-05,7
"1792",2018-03-06,7
"1793",2018-03-07,3
"1794",2018-03-08,4
"1795",2018-03-09,3
"1796",2018-03-10,2
"1797",2018-03-11,4
"1798",2018-03-12,7
"1799",2018-03-13,1
"1800",2018-03-14,3
"1801",2018-03-15,1
"1802",2018-03-16,5
"1803",2018-03-17,1
"1804",2018-03-18,3
"1805",2018-03-19,5
"1806",2018-03-20,4
"1807",2018-03-21,5
"1808",2018-03-22,2
"1809",2018-03-23,8
"1810",2018-03-24,3
"1811",2018-03-25,1
"1812",2018-03-26,1
"1813",2018-03-27,5
"1814",2018-03-28,7
"1815",2018-03-29,5
"1816",2018-03-30,2
"1817",2018-03-31,3
"1818",2018-04-01,8
"1819",2018-04-03,2
"1820",2018-04-04,8
"1821",2018-04-05,8
"1822",2018-04-06,2
"1823",2018-04-07,2
"1824",2018-04-08,4
"1825",2018-04-09,6
"1826",2018-04-10,4
"1827",2018-04-11,5
"1828",2018-04-12,6
"1829",2018-04-13,3
"1830",2018-04-14,4
"1831",2018-04-15,1
"1832",2018-04-17,4
"1833",2018-04-18,5
"1834",2018-04-20,3
"1835",2018-04-21,3
"1836",2018-04-22,2
"1837",2018-04-23,1
"1838",2018-04-24,3
"1839",2018-04-25,4
"1840",2018-04-26,2
"1841",2018-04-28,5
"1842",2018-04-29,3
"1843",2018-04-30,3
"1844",2018-05-01,3
"1845",2018-05-02,5
"1846",2018-05-03,2
"1847",2018-05-04,2
"1848",2018-05-05,4
"1849",2018-05-06,4
"1850",2018-05-07,7
"1851",2018-05-08,5
"1852",2018-05-09,1
"1853",2018-05-10,2
"1854",2018-05-11,5
"1855",2018-05-12,1
"1856",2018-05-13,5
"1857",2018-05-14,6
"1858",2018-05-15,1
"1859",2018-05-16,1
"1860",2018-05-17,1
"1861",2018-05-18,3
"1862",2018-05-19,2
"1863",2018-05-20,2
"1864",2018-05-21,4
"1865",2018-05-22,1
"1866",2018-05-23,4
"1867",2018-05-24,3
"1868",2018-05-25,4
"1869",2018-05-26,1
"1870",2018-05-27,3
"1871",2018-05-28,1
"1872",2018-05-29,3
"1873",2018-05-30,2
"1874",2018-05-31,3
"1875",2018-06-01,3
"1876",2018-06-02,2
"1877",2018-06-03,3
"1878",2018-06-04,2
"1879",2018-06-05,1
"1880",2018-06-06,5
"1881",2018-06-07,4
"1882",2018-06-08,2
"1883",2018-06-09,2
"1884",2018-06-10,1
"1885",2018-06-11,2
"1886",2018-06-12,5
"1887",2018-06-13,5
"1888",2018-06-14,7
"1889",2018-06-15,1
"1890",2018-06-16,5
"1891",2018-06-17,2
"1892",2018-06-18,1
"1893",2018-06-19,4
"1894",2018-06-20,3
"1895",2018-06-22,5
"1896",2018-06-23,7
"1897",2018-06-25,4
"1898",2018-06-27,1
"1899",2018-06-28,5
"1900",2018-06-29,7
"1901",2018-07-01,4
"1902",2018-07-03,4
"1903",2018-07-04,3
"1904",2018-07-05,5
"1905",2018-07-06,2
"1906",2018-07-07,3
"1907",2018-07-08,3
"1908",2018-07-10,3
"1909",2018-07-11,3
"1910",2018-07-12,1
"1911",2018-07-13,4
"1912",2018-07-14,5
"1913",2018-07-15,2
"1914",2018-07-17,4
"1915",2018-07-18,3
"1916",2018-07-19,3
"1917",2018-07-20,4
"1918",2018-07-21,6
"1919",2018-07-22,4
"1920",2018-07-23,3
"1921",2018-07-24,3
"1922",2018-07-25,5
"1923",2018-07-26,7
"1924",2018-07-27,3
"1925",2018-07-28,5
"1926",2018-07-30,2
"1927",2018-07-31,2
"1928",2018-08-01,4
"1929",2018-08-02,4
"1930",2018-08-03,7
"1931",2018-08-04,3
"1932",2018-08-05,3
"1933",2018-08-06,5
"1934",2018-08-07,4
"1935",2018-08-08,5
"1936",2018-08-09,4
"1937",2018-08-10,1
"1938",2018-08-11,1
"1939",2018-08-12,4
"1940",2018-08-13,4
"1941",2018-08-14,2
"1942",2018-08-15,1
"1943",2018-08-16,3
"1944",2018-08-17,2
"1945",2018-08-18,3
"1946",2018-08-19,4
"1947",2018-08-20,3
"1948",2018-08-23,5
"1949",2018-08-24,5
"1950",2018-08-25,6
"1951",2018-08-26,2
"1952",2018-08-27,7
"1953",2018-08-28,3
"1954",2018-08-29,2
"1955",2018-08-30,2
"1956",2018-08-31,3
"1957",2018-09-01,1
"1958",2018-09-03,4
"1959",2018-09-04,1
"1960",2018-09-05,3
"1961",2018-09-06,5
"1962",2018-09-07,3
"1963",2018-09-08,1
"1964",2018-09-09,3
"1965",2018-09-10,2
"1966",2018-09-11,1
"1967",2018-09-12,3
"1968",2018-09-13,2
"1969",2018-09-14,7
"1970",2018-09-15,5
"1971",2018-09-16,5
"1972",2018-09-17,3
"1973",2018-09-18,4
"1974",2018-09-19,5
"1975",2018-09-20,3
"1976",2018-09-22,1
"1977",2018-09-23,4
"1978",2018-09-24,3
"1979",2018-09-25,3
"1980",2018-09-26,1
"1981",2018-09-27,6
"1982",2018-09-28,2
"1983",2018-09-29,3
"1984",2018-09-30,2
"1985",2018-10-01,3
"1986",2018-10-02,2
"1987",2018-10-03,3
"1988",2018-10-04,1
"1989",2018-10-05,3
"1990",2018-10-07,3
"1991",2018-10-08,4
"1992",2018-10-10,8
"1993",2018-10-11,2
"1994",2018-10-12,6
"1995",2018-10-13,1
"1996",2018-10-14,5
"1997",2018-10-15,1
"1998",2018-10-16,1
"1999",2018-10-17,5
"2000",2018-10-18,6
"2001",2018-10-19,3
"2002",2018-10-20,3
"2003",2018-10-21,2
"2004",2018-10-22,4
"2005",2018-10-23,3
"2006",2018-10-24,2
"2007",2018-10-25,1
"2008",2018-10-27,2
"2009",2018-10-29,6
"2010",2018-10-31,3
"2011",2018-11-01,1
"2012",2018-11-02,2
"2013",2018-11-03,3
"2014",2018-11-04,4
"2015",2018-11-05,4
"2016",2018-11-06,2
"2017",2018-11-07,1
"2018",2018-11-08,1
"2019",2018-11-09,4
"2020",2018-11-10,1
"2021",2018-11-11,3
"2022",2018-11-12,6
"2023",2018-11-13,2
"2024",2018-11-14,5
"2025",2018-11-15,5
"2026",2018-11-16,1
"2027",2018-11-17,1
"2028",2018-11-18,1
"2029",2018-11-19,2
"2030",2018-11-20,2
"2031",2018-11-21,7
"2032",2018-11-22,4
"2033",2018-11-23,2
"2034",2018-11-24,1
"2035",2018-11-25,1
"2036",2018-11-26,2
"2037",2018-11-27,4
"2038",2018-11-28,6
"2039",2018-11-29,5
"2040",2018-11-30,2
"2041",2018-12-01,4
"2042",2018-12-02,2
"2043",2018-12-04,1
"2044",2018-12-05,7
"2045",2018-12-06,4
"2046",2018-12-07,3
"2047",2018-12-08,2
"2048",2018-12-09,6
"2049",2018-12-10,3
"2050",2018-12-11,7
"2051",2018-12-12,4
"2052",2018-12-13,5
"2053",2018-12-14,2
"2054",2018-12-15,2
"2055",2018-12-16,5
"2056",2018-12-17,3
"2057",2018-12-18,4
"2058",2018-12-19,6
"2059",2018-12-20,3
"2060",2018-12-21,2
"2061",2018-12-23,2
"2062",2018-12-24,1
"2063",2018-12-25,2
"2064",2018-12-26,3
"2065",2018-12-27,1
"2066",2018-12-28,5
"2067",2018-12-29,4
"2068",2018-12-30,2
"2069",2018-12-31,6
"2070",2019-01-01,2
"2071",2019-01-02,3
"2072",2019-01-03,6
"2073",2019-01-04,4
"2074",2019-01-05,6
"2075",2019-01-06,4
"2076",2019-01-07,6
"2077",2019-01-08,2
"2078",2019-01-10,3
"2079",2019-01-11,5
"2080",2019-01-12,3
"2081",2019-01-13,5
"2082",2019-01-14,7
"2083",2019-01-15,5
"2084",2019-01-16,8
"2085",2019-01-18,1
"2086",2019-01-19,3
"2087",2019-01-20,2
"2088",2019-01-21,2
"2089",2019-01-22,1
"2090",2019-01-23,5
"2091",2019-01-24,3
"2092",2019-01-25,4
"2093",2019-01-27,1
"2094",2019-01-28,9
"2095",2019-01-29,2
"2096",2019-01-30,2
"2097",2019-01-31,1
"2098",2019-02-01,1
"2099",2019-02-02,2
"2100",2019-02-03,3
"2101",2019-02-04,3
"2102",2019-02-05,1
"2103",2019-02-06,3
"2104",2019-02-07,7
"2105",2019-02-08,3
"2106",2019-02-09,4
"2107",2019-02-10,2
"2108",2019-02-11,4
"2109",2019-02-12,6
"2110",2019-02-13,2
"2111",2019-02-14,5
"2112",2019-02-15,1
"2113",2019-02-16,2
"2114",2019-02-17,4
"2115",2019-02-18,2
"2116",2019-02-19,3
"2117",2019-02-20,2
"2118",2019-02-22,4
"2119",2019-02-23,5
"2120",2019-02-24,1
"2121",2019-02-25,2
"2122",2019-02-26,3
"2123",2019-02-27,3
"2124",2019-02-28,2
"2125",2019-03-01,4
"2126",2019-03-02,4
"2127",2019-03-03,1
"2128",2019-03-04,5
"2129",2019-03-05,6
"2130",2019-03-06,1
"2131",2019-03-07,3
"2132",2019-03-08,1
"2133",2019-03-09,6
"2134",2019-03-10,2
"2135",2019-03-11,4
"2136",2019-03-12,3
"2137",2019-03-13,4
"2138",2019-03-14,6
"2139",2019-03-15,3
"2140",2019-03-16,2
"2141",2019-03-17,2
"2142",2019-03-18,1
"2143",2019-03-19,4
"2144",2019-03-20,3
"2145",2019-03-21,2
"2146",2019-03-22,2
"2147",2019-03-24,1
"2148",2019-03-25,5
"2149",2019-03-27,8
"2150",2019-03-28,2
"2151",2019-03-30,3
"2152",2019-03-31,4
"2153",2019-04-01,4
"2154",2019-04-02,1
"2155",2019-04-03,4
"2156",2019-04-04,2
"2157",2019-04-05,1
"2158",2019-04-06,4
"2159",2019-04-07,1
"2160",2019-04-08,3
"2161",2019-04-09,3
"2162",2019-04-10,4
"2163",2019-04-11,6
"2164",2019-04-12,3
"2165",2019-04-13,1
"2166",2019-04-14,6
"2167",2019-04-15,1
"2168",2019-04-16,2
"2169",2019-04-17,4
"2170",2019-04-18,3
"2171",2019-04-20,5
"2172",2019-04-22,3
"2173",2019-04-24,3
"2174",2019-04-25,2
"2175",2019-04-26,3
"2176",2019-04-27,1
"2177",2019-04-28,3
"2178",2019-04-29,5
"2179",2019-04-30,3
"2180",2019-05-01,4
"2181",2019-05-02,3
"2182",2019-05-04,5
"2183",2019-05-05,1
"2184",2019-05-06,2
"2185",2019-05-07,3
"2186",2019-05-08,1
"2187",2019-05-09,3
"2188",2019-05-10,1
"2189",2019-05-11,6
"2190",2019-05-13,3
"2191",2019-05-14,1
"2192",2019-05-15,3
"2193",2019-05-16,1
"2194",2019-05-17,4
"2195",2019-05-18,3
"2196",2019-05-19,4
"2197",2019-05-20,5
"2198",2019-05-21,4
"2199",2019-05-22,5
"2200",2019-05-23,3
"2201",2019-05-24,3
"2202",2019-05-26,2
"2203",2019-05-27,2
"2204",2019-05-28,1
"2205",2019-05-29,2
"2206",2019-05-30,3
"2207",2019-05-31,5
"2208",2019-06-01,4
"2209",2019-06-02,1
"2210",2019-06-03,4
"2211",2019-06-04,1
"2212",2019-06-05,5
"2213",2019-06-06,7
"2214",2019-06-07,1
"2215",2019-06-08,3
"2216",2019-06-09,5
"2217",2019-06-10,4
"2218",2019-06-11,7
"2219",2019-06-12,2
"2220",2019-06-13,2
"2221",2019-06-14,3
"2222",2019-06-15,8
"2223",2019-06-16,2
"2224",2019-06-17,3
"2225",2019-06-18,3
"2226",2019-06-20,2
"2227",2019-06-22,2
"2228",2019-06-23,1
"2229",2019-06-24,3
"2230",2019-06-25,3
"2231",2019-06-26,2
"2232",2019-06-27,7
"2233",2019-06-28,7
"2234",2019-06-29,1
"2235",2019-07-01,6
"2236",2019-07-02,4
"2237",2019-07-03,5
"2238",2019-07-04,2
"2239",2019-07-05,6
"2240",2019-07-06,1
"2241",2019-07-07,4
"2242",2019-07-08,1
"2243",2019-07-09,6
"2244",2019-07-10,4
"2245",2019-07-13,5
"2246",2019-07-14,3
"2247",2019-07-15,5
"2248",2019-07-16,4
"2249",2019-07-17,6
"2250",2019-07-18,4
"2251",2019-07-19,1
"2252",2019-07-20,1
"2253",2019-07-21,2
"2254",2019-07-22,2
"2255",2019-07-23,4
"2256",2019-07-25,2
"2257",2019-07-26,3
"2258",2019-07-27,1
"2259",2019-07-28,2
"2260",2019-07-29,1
"2261",2019-07-30,1
"2262",2019-07-31,5
"2263",2019-08-01,6
"2264",2019-08-02,3
"2265",2019-08-03,4
"2266",2019-08-04,4
"2267",2019-08-05,6
"2268",2019-08-06,2
"2269",2019-08-07,2
"2270",2019-08-08,4
"2271",2019-08-09,4
"2272",2019-08-10,2
"2273",2019-08-11,2
"2274",2019-08-12,2
"2275",2019-08-13,6
"2276",2019-08-14,2
"2277",2019-08-15,2
"2278",2019-08-16,2
"2279",2019-08-17,4
"2280",2019-08-18,3
"2281",2019-08-19,3
"2282",2019-08-21,4
"2283",2019-08-22,7
"2284",2019-08-23,2
"2285",2019-08-24,2
"2286",2019-08-25,1
"2287",2019-08-26,2
"2288",2019-08-27,5
"2289",2019-08-28,3
"2290",2019-08-29,1
"2291",2019-08-30,5
"2292",2019-08-31,6
"2293",2019-09-01,3
"2294",2019-09-02,3
"2295",2019-09-03,3
"2296",2019-09-04,3
"2297",2019-09-05,4
"2298",2019-09-06,1
"2299",2019-09-07,2
"2300",2019-09-08,2
"2301",2019-09-09,3
"2302",2019-09-10,1
"2303",2019-09-11,2
"2304",2019-09-12,4
"2305",2019-09-13,2
"2306",2019-09-14,4
"2307",2019-09-15,3
"2308",2019-09-16,7
"2309",2019-09-17,4
"2310",2019-09-18,5
"2311",2019-09-19,4
"2312",2019-09-20,3
"2313",2019-09-21,2
"2314",2019-09-22,2
"2315",2019-09-23,2
"2316",2019-09-24,2
"2317",2019-09-25,3
"2318",2019-09-26,3
"2319",2019-09-27,1
"2320",2019-09-29,8
"2321",2019-09-30,2
"2322",2019-10-01,3
"2323",2019-10-03,1
"2324",2019-10-04,1
"2325",2019-10-05,2
"2326",2019-10-06,3
"2327",2019-10-07,2
"2328",2019-10-08,4
"2329",2019-10-09,2
"2330",2019-10-10,3
"2331",2019-10-11,4
"2332",2019-10-12,3
"2333",2019-10-13,3
"2334",2019-10-14,4
"2335",2019-10-15,5
"2336",2019-10-16,2
"2337",2019-10-17,4
"2338",2019-10-18,3
"2339",2019-10-19,3
"2340",2019-10-20,3
"2341",2019-10-21,6
"2342",2019-10-22,1
"2343",2019-10-23,7
"2344",2019-10-24,1
"2345",2019-10-25,7
"2346",2019-10-26,3
"2347",2019-10-27,5
"2348",2019-10-28,1
"2349",2019-10-30,4
"2350",2019-10-31,3
"2351",2019-11-01,5
"2352",2019-11-02,1
"2353",2019-11-03,2
"2354",2019-11-04,4
"2355",2019-11-05,4
"2356",2019-11-06,4
"2357",2019-11-07,4
"2358",2019-11-08,1
"2359",2019-11-09,3
"2360",2019-11-10,3
"2361",2019-11-11,4
"2362",2019-11-12,2
"2363",2019-11-13,3
"2364",2019-11-14,3
"2365",2019-11-15,3
"2366",2019-11-16,3
"2367",2019-11-18,2
"2368",2019-11-19,6
"2369",2019-11-20,4
"2370",2019-11-22,1
"2371",2019-11-23,2
"2372",2019-11-24,1
"2373",2019-11-25,3
"2374",2019-11-26,2
"2375",2019-11-27,3
"2376",2019-11-28,3
"2377",2019-11-29,5
"2378",2019-11-30,1
"2379",2019-12-01,6
"2380",2019-12-02,4
"2381",2019-12-03,3
"2382",2019-12-05,7
"2383",2019-12-06,2
"2384",2019-12-07,2
"2385",2019-12-08,1
"2386",2019-12-09,1
"2387",2019-12-10,9
"2388",2019-12-11,1
"2389",2019-12-12,7
"2390",2019-12-14,4
"2391",2019-12-15,4
"2392",2019-12-16,3
"2393",2019-12-17,5
"2394",2019-12-18,1
"2395",2019-12-19,7
"2396",2019-12-20,2
"2397",2019-12-21,4
"2398",2019-12-22,3
"2399",2019-12-23,3
"2400",2019-12-24,3
"2401",2019-12-25,2
"2402",2019-12-26,2
"2403",2019-12-27,4
"2404",2019-12-28,5
"2405",2019-12-29,5
"2406",2019-12-30,3
"2407",2019-12-31,7
